Workbook

Sheet INVOICE
A3: PT.MORICH INDO FASHION | H3: Phone | I3: : | J3: (0298) – 523523
A4: JL. Raya karangjati Km.25 | H4: Fax | I4: : | J4: (0298) – 522095
A5: Desa Gembongan – Bergas
A6: SEMARANG – INDONESIA
E8: COMMERCIAL INVOICE | F8: INVOICE | G8: INVOICE
E9: NO./MIF/APR/2025 | F9: DATE : | G9: 45856
A12: SOLD BY ORDER & FOR ACCOUNT & RISK OF | G12: CONTR/ORD.NO | I12: :
G13: DHL | I13: :
A14: MESSRS : | B14: 7175 Willoughby Avenue | G14: SHIPPED PER | I14: : | J14: PT.MORICH INDO FASHION
B15: LOS ANGELES, CALIFORNIA 90046-6711 | G15: FROM | I15: : | J15: RUNGGU /QORRIZA/NUR/AZISNA
B16: United States of America | G16: TO | I16: : | J16: SAMANTHA/BETH
B17: Zip code: 90046-6711 | G17: Gross Weight | I17: :
B18: Phone: +1 319-213-1273
A21: L/C NO : | F21: ISSUE BY :
A22: S/L | B22: NAME OF ITEM | C22: STYLE | D22: COLOR | E22: CONTENT / REMARKS | F22: QTY | G22: UOM | H22: RATE/PCS | J22: TOTAL VALUE
H23: $ | J23: $
B25: STRIPE SEERSUCKER SWIM SHORT | C25: BM14145.840 | D25: Sage Blue Sea Print | E25: 100% PET Y/D SEERSUCKER | F25: 2 | G25: PCS | H25: 0.01 | J25: =SUM(F25*H25) -> 0.02
B26: STRIPE SEERSUCKER SWIM SHORT | C26: BM14145.840 | D26: Natural/Abyss Floral Print | E26: 100% PET Y/D SEERSUCKER | F26: 2 | G26: PCS | H26: 0.01 | J26: =SUM(F26*H26) -> 0.02
B27: LOOMED LINEN UTILITY PANT | C27: BM14209.327 | D27: Navy | E27: 100% LINEN CANVAS | F27: 2 | G27: PCS | H27: 0.01 | J27: =SUM(F27*H27) -> 0.02
B28: LOOMED LINEN UTILITY PANT | C28: BM14209.327 | D28: Mocha | E28: 100% LINEN CANVAS | F28: 2 | G28: PCS | H28: 0.01 | J28: =SUM(F28*H28) -> 0.02
B29: LOOMED LINEN UTILITY SHORT | C29: BM1410.327 | D29: Navy | E29: 100% LINEN CANVAS | F29: 2 | G29: PCS | H29: 0.01 | J29: =SUM(F29*H29) -> 0.02
B30: LOOMED LINEN UTILITY SHORT | C30: BM1410.327 | D30: Mocha | E30: 100% LINEN CANVAS | F30: 2 | G30: PCS | H30: 0.01 | J30: =SUM(F30*H30) -> 0.02
B31: FELTED WOOL CHORE COAT | C31: BW16057.487 | D31: Coastal Bluff | E31: 100% MERINO WOOL | F31: 2 | G31: PCS | H31: 0.01 | J31: =SUM(F31*H31) -> 0.02
B32: FELTED WOOL MECHANICS JACKET | C32: BW17225.487 | D32: Coastal Bluff | E32: 100% MERINO WOOL | F32: 2 | G32: PCS | H32: 0.01 | J32: =SUM(F32*H32) -> 0.02
B33: LINEN FIELD JACKET/FATIGUE SHIRT | C33: BM13436.327 | D33: Mocha | E33: LINEN | F33: 2 | G33: PCS | H33: 0.01 | J33: =SUM(F33*H33) -> 0.02
B34: C/O FELTED WOOL CHORE COAT | C34: BM16003.403 | D34: Heather Camel | E34: 100% MERINO WOOL | F34: 2 | G34: PCS | H34: 0.01 | J34: =SUM(F34*H34) -> 0.02
B35: C/O FELTED WOOL CHORE COAT | C35: BM16003.487 | D35: FATIGUE MARL | E35: 100% MERINO WOOL | F35: 2 | G35: PCS | H35: 0.01 | J35: =SUM(F35*H35) -> 0.02
B36: FLIGHT SATIN BOMBER JACKET W/ SLEEVE POCKET | C36: BM17297.992 | D36: Navy | E36: 100% NYLON | F36: 2 | G36: PCS | H36: 0.01 | J36: =SUM(F36*H36) -> 0.02
B41: SAMPLES OF NO COMMERCIAL VALUE
A44: TOTAL | F44: =SUM(F25:F43) -> 24 | I44: USD | J44: =SUM(J25:J43) -> 0.24
A45: Say : United states dollars
A49: T/D
J52: =J15 -> RUNGGU /QORRIZA/NUR/AZISNA
J53: Authorized signature

Sheet COVERING LETTER
J1: Authorized signature
A3: PT.MORICH INDO FASHION | H3: Phone | I3: : | J3: (0298) – 523523
A4: JL. Raya karangjati Km.25 | H4: Fax | I4: : | J4: (0298) – 522095
A5: Desa Gembongan – Bergas
A6: SEMARANG – INDONESIA
E8: COVERING LETTER | F8: INVOICE | G8: INVOICE
E9: =INVOICE!E9 -> NO./MIF/APR/2025 | F9: DATE : | G9: =INVOICE!G9 -> 45856
A12: SOLD BY ORDER & FOR ACCOUNT & RISK OF | G12: CONTR/ORD.NO | I12: :
G13: DHL | I13: :
A14: MESSRS : | B14: =INVOICE!B14 -> 7175 Willoughby Avenue | G14: SHIPPED PER | I14: : | J14: PT.MORICH INDO FASHION
B15: =INVOICE!B15 -> LOS ANGELES, CALIFORNIA 90046-6711 | G15: FROM | I15: : | J15: RUNGGU/NUR
B16: =INVOICE!B16 -> United States of America | G16: TO | I16: : | J16: SAMANTHA/BETH
B17: =INVOICE!B17 -> Zip code: 90046-6711
B18: =INVOICE!B18 -> Phone: +1 319-213-1273
A21: L/C NO : | F21: ISSUE BY :
A22: S/L | B22: NAME OF ITEM | C22: STYLE | D22: COL | E22: CONTENT | F22: QTY | G22: UOM | H22: PRICE
A24: 1 | B24: FELTED WOOL MECHANICS JACKET | C24: BW17225.603 | D24: NAVY | E24: JACKET 100% MERINO WOOL | F24: 2 | G24: PCS | H24: 0.01 | J24: =+F24*H24 -> 0.02
A25: 2 | B25: FELTED SHAWL JACKET | C25: BM17232 | D25: NAVY | E25: JACKET 100% MERINO WOOL | F25: 2 | G25: PCS | H25: 0.01 | J25: =SUM(F25*H25) -> 0.02
A26: 3 | C26: BM17232 | D26: W MARLED BROWN 2 | E26: JACKET 100% MERINO WOOL | F26: 2 | G26: PCS | H26: 0.01 | J26: =SUM(F26*H26) -> 0.02
A27: 4 | C27: BM17232 | D27: MARLED DEEP CHARCOAL | E27: JACKET 100% MERINO WOOL | F27: 2 | G27: PCS | H27: 0.01 | J27: =SUM(F27*H27) -> 0.02
A28: 5 | B28: BUTTON | C28: BM16003 | D28: COR – ZL | E28: COR-950-XX | F28: 20 | G28: PCS | H28: 0.01 | J28: =SUM(F28*H28) -> 0.2
A29: 6 | B29: BUTTON | C29: BW16057 | D29: DK BROWN | E29: COR-1386-XX SEMI-POLISH FINISH | F29: 20 | G29: PCS | H29: 0.01 | J29: =SUM(F29*H29) -> 0.2
B34: =INVOICE!B41 -> SAMPLES OF NO COMMERCIAL VALUE
J39: =J15 -> RUNGGU/NUR
J40: Authorized signature
